Color ID;RGB Value;Color Name;Preview
-1;0033B2;[Unknown];
0;05131D;Black;
1;0055BF;Blue;
2;237841;Green;
3;008F9B;Dark Turquoise;
4;C91A09;Red;
5;C870A0;Dark Pink;
6;583927;Brown;
7;9BA19D;Light Gray;
8;6D6E5C;Dark Gray;
9;B4D2E3;Light Blue;
10;4B9F4A;Bright Green;
11;55A5AF;Light Turquoise;
12;F2705E;Salmon;
13;FC97AC;Pink;
14;F2CD37;Yellow;
15;FFFFFF;White;
17;C2DAB8;Light Green;
18;FBE696;Light Yellow;
19;E4CD9E;Tan;
20;C9CAE2;Light Violet;
21;D4D5C9;Glow In Dark Opaque;
22;81007B;Purple;
23;2032B0;Dark Blue-Violet;
25;FE8A18;Orange;
26;923978;Magenta;
27;BBE90B;Lime;
28;958A73;Dark Tan;
29;E4ADC8;Bright Pink;
30;AC78BA;Medium Lavender;
31;E1D5ED;Lavender;
32;635F52;Trans-Black IR Lens;
33;0020A0;Trans-Dark Blue;
34;84B68D;Trans-Green;
35;D9E4A7;Trans-Bright Green;
36;C91A09;Trans-Red;
40;635F52;Trans-Brown;
41;AEEFEC;Trans-Light Blue;
42;F8F184;Trans-Neon Green;
43;C1DFF0;Trans-Very Lt Blue;
45;DF6695;Trans-Dark Pink;
46;F5CD2F;Trans-Yellow;
47;FCFCFC;Trans-Clear;
52;A5A5CB;Trans-Purple;
54;DAB000;Trans-Neon Yellow;
57;FF800D;Trans-Neon Orange;
60;645A4C;Chrome Antique Brass;
61;6C96BF;Chrome Blue;
62;3CB371;Chrome Green;
63;AA4D8E;Chrome Pink;
64;1B2A34;Chrome Black;
68;F3CF9B;Very Light Orange;
69;CD6298;Light Purple;
70;582A12;Reddish Brown;
71;A0A5A9;Light Bluish Gray;
72;6C6E68;Dark Bluish Gray;
73;5A93DB;Medium Blue;
74;73DCA1;Medium Green;
75;05131D;Speckle Black-Copper;
76;6C6E68;Speckle DBGray-Silver;
77;FECCCF;Light Pink;
78;F6D7B3;Light Nougat;
79;FFFFFF;Milky White;
80;A5A9B4;Metallic Silver;
81;899B5F;Metallic Green;
82;DBAC34;Metallic Gold;
84;AA7D55;Medium Nougat;
85;3F3691;Dark Purple;
86;7C503A;Light Brown;
89;4C61DB;Royal Blue;
92;D09168;Nougat;
100;FEBABD;Light Salmon;
110;4354A3;Violet;
112;6874CA;Medium Bluish Violet;
114;DF6695;Glitter Trans-Dark Pink;
115;C7D23C;Medium Lime;
117;FFFFFF;Glitter Trans-Clear;
118;B3D7D1;Aqua;
120;D9E4A7;Light Lime;
125;F9BA61;Light Orange;
129;A5A5CB;Glitter Trans-Purple;
132;05131D;Speckle Black-Silver;
133;05131D;Speckle Black-Gold;
134;AE7A59;Copper;
135;9CA3A8;Pearl Light Gray;
137;7988A1;Pearl Sand Blue;
142;DCBC81;Pearl Light Gold;
143;CFE2F7;Trans-Medium Blue;
148;575857;Pearl Dark Gray;
150;ABADAC;Pearl Very Light Gray;
151;E6E3E0;Very Light Bluish Gray;
158;DFEEA5;Yellowish Green;
178;B48455;Flat Dark Gold;
179;898788;Flat Silver;
182;F08F1C;Trans-Orange;
183;F2F3F2;Pearl White;
191;F8BB3D;Bright Light Orange;
212;9FC3E9;Bright Light Blue;
216;B31004;Rust;
226;FFF03A;Bright Light Yellow;
230;E4ADC8;Trans-Pink;
232;7DBFDD;Sky Blue;
236;96709F;Trans-Light Purple;
272;0A3463;Dark Blue;
288;184632;Dark Green;
294;BDC6AD;Glow In Dark Trans;
297;AA7F2E;Pearl Gold;
308;352100;Dark Brown;
313;3592C3;Maersk Blue;
320;720E0F;Dark Red;
321;078BC9;Dark Azure;
322;36AEBF;Medium Azure;
323;ADC3C0;Light Aqua;
326;9B9A5A;Olive Green;
334;BBA53D;Chrome Gold;
335;D67572;Sand Red;
351;F785B1;Medium Dark Pink;
366;FA9C1C;Earth Orange;
373;845E84;Sand Purple;
378;A0BCAC;Sand Green;
379;6074A1;Sand Blue;
383;E0E0E0;Chrome Silver;
450;B67B50;Fabuland Brown;
462;FFA70B;Medium Orange;
484;A95500;Dark Orange;
503;E6E3DA;Very Light Gray;
1000;D9D9D9;Glow in Dark White;
1001;9391E4;Medium Violet;
1002;C0F500;Glitter Trans-Neon Green;
1003;68BCC5;Glitter Trans-Light Blue;
1004;FCB76D;Trans-Flame Yellowish Orange;
1005;FBE890;Trans-Fire Yellow;
1006;B4D4F7;Trans-Light Royal Blue;
1007;8E5597;Reddish Lilac;
1008;039CBD;Vintage Blue;
1009;1E601E;Vintage Green;
1010;CA1F08;Vintage Red;
1011;F3C305;Vintage Yellow;
1012;EF9121;Fabuland Orange;
1013;F4F4F4;Modulex White;
1014;AFB5C7;Modulex Light Bluish Gray;
1015;9C9C9C;Modulex Light Gray;
1016;595D60;Modulex Charcoal Gray;
1017;6B5A5A;Modulex Tile Gray;
1018;4D4C52;Modulex Black;
1019;330000;Modulex Tile Brown;
1020;5C5030;Modulex Terracotta;
1021;907450;Modulex Brown;
1022;DEC69C;Modulex Buff;
1023;B52C20;Modulex Red;
1024;F45C40;Modulex Pink Red;
1025;F47B30;Modulex Orange;
1026;F7AD63;Modulex Light Orange;
1027;FFE371;Modulex Light Yellow;
1028;FED557;Modulex Ochre Yellow;
1029;BDC618;Modulex Lemon;
1030;7DB538;Modulex Pastel Green;
1031;7C9051;Modulex Olive Green;
1032;27867E;Modulex Aqua Green;
1033;467083;Modulex Teal Blue;
1034;0057A6;Modulex Tile Blue;
1035;61AFFF;Modulex Medium Blue;
1036;68AECE;Modulex Pastel Blue;
1037;BD7D85;Modulex Violet;
1038;F785B1;Modulex Pink;
1039;FFFFFF;Modulex Clear;
1040;595D60;Modulex Foil Dark Gray;
1041;9C9C9C;Modulex Foil Light Gray;
1042;006400;Modulex Foil Dark Green;
1043;7DB538;Modulex Foil Light Green;
1044;0057A6;Modulex Foil Dark Blue;
1045;68AECE;Modulex Foil Light Blue;
1046;4B0082;Modulex Foil Violet;
1047;8B0000;Modulex Foil Red;
1048;FED557;Modulex Foil Yellow;
1049;F7AD63;Modulex Foil Orange;
1050;FF698F;Coral;
1051;5AC4DA;Pastel Blue;
1052;F08F1C;Glitter Trans-Orange;
1053;68BCC5;Opal Trans-Light Blue;
1054;CE1D9B;Opal Trans-Dark Pink;
1055;FCFCFC;Opal Trans-Clear;
1056;583927;Opal Trans-Brown;
1057;C9E788;Trans-Light Bright Green;
1058;94E5AB;Trans-Light Green;
1059;8320B7;Opal Trans-Purple;
1060;84B68D;Opal Trans-Bright Green;
1061;0020A0;Opal Trans-Dark Blue;
1062;EBD800;Vibrant Yellow;
1063;B46A00;Pearl Copper;
1064;FF8014;Fabuland Red;
1065;AC8247;Reddish Gold;
1066;DD982E;Curry;
1067;AD6140;Dark Nougat;
1068;EE5434;Bright Reddish Orange;
1069;D60026;Pearl Red;
1070;0059A3;Pearl Blue;
1071;008E3C;Pearl Green;
1072;57392C;Pearl Brown;
1073;0A1327;Pearl Black;
1074;009ECE;Duplo Blue;
1075;3E95B6;Duplo Medium Blue;
1076;FFF230;Duplo Lime;
1077;78FC78;Fabuland Lime;
1078;468A5F;Duplo Medium Green;
1079;60BA76;Duplo Light Green;
1080;F3C988;Light Tan;
1081;872B17;Rust Orange;
1082;FE78B0;Clikits Pink;
1083;945148;Two-tone Copper;
1084;AB673A;Two-tone Gold;
1085;737271;Two-tone Silver;
1086;6A7944;Pearl Lime;
1087;FF879C;Duplo Pink;
1088;755945;Medium Brown;
1089;CCA373;Warm Tan;
1090;3FB69E;Duplo Turquoise;
1091;FFCB78;Warm Yellowish Orange;
1092;764D3B;Metallic Copper;
1093;9195CA;Light Lilac;
1094;8D73B3;Trans-Medium Purple;
1095;635F52;Trans-Black;
1096;D9E4A7;Glitter Trans-Bright Green;
1097;8D73B3;Glitter Trans-Medium Purple;
1098;84B68D;Glitter Trans-Green;
1099;E4ADC8;Glitter Trans-Pink;
1100;FFCF0B;Clikits Yellow;
1101;5F27AA;Duplo Dark Purple;
1102;FF0040;Trans-Neon Red;
1103;3E3C39;Pearl Titanium;
1104;B3D7D1;HO Aqua;
1105;1591CB;HO Azure;
1106;354E5A;HO Blue-gray;
1107;5B98B3;HO Cyan;
1108;A7DCCF;HO Dark Aqua;
1109;0A3463;HO Dark Blue;
1110;6D6E5C;HO Dark Gray;
1111;184632;HO Dark Green;
1112;B2B955;HO Dark Lime;
1113;631314;HO Dark Red;
1114;627A62;HO Dark Sand Green;
1115;10929D;HO Dark Turquoise;
1116;BB771B;HO Earth Orange;
1117;B4A774;HO Gold;
1118;A3D1C0;HO Light Aqua;
1119;965336;HO Light Brown;
1120;CDC298;HO Light Gold;
1121;F9F1C7;HO Light Tan;
1122;F5FAB7;HO Light Yellow;
1123;7396C8;HO Medium Blue;
1124;C01111;HO Medium Red;
1125;0D4763;HO Metallic Blue;
1126;5E5E5E;HO Metallic Dark Gray;
1127;879867;HO Metallic Green;
1128;5F7D8C;HO Metallic Sand Blue;
1129;9B9A5A;HO Olive Green;
1130;D06262;HO Rose;
1131;6E8AA6;HO Sand Blue;
1132;A0BCAC;HO Sand Green;
1133;E4CD9E;HO Tan;
1134;616161;HO Titanium;
1135;A5ADB4;Metal;
1136;CA4C0B;Reddish Orange;
1137;915C3C;Sienna Brown;
1138;5E3F33;Umber Brown;
1139;F5CD2F;Opal Trans-Yellow;
1140;EC4612;Neon Orange;
1141;D2FC43;Neon Green;
1142;5D5C36;Dark Olive Green;
1143;FFFFFF;Glitter Milky White;
1144;CE3021;Chrome Red;
1145;DD9E47;Ochre Yellow;
9999;05131D;[No Color/Any Color];
